Actual,Predicted
-0.0300889739989763,-0.032612316875976065
-0.8283481046431641,-0.8228424933342585
-0.9978912665931712,-1.0103453151362911
-0.0219268995638274,-0.011545132011517238
-1.047428951465435,-1.0502321830034123
-0.4613816065407587,-0.4785021897138753
3.000839300161715,3.014118899344075
-0.7551326136497082,-0.7432834013446715
0.0125796578517102,0.020272436159423996
2.773757792429673,2.786274693067349
1.1679462286335005,1.1586011648632517
-0.7786487638100675,-0.7867241899956343
-0.8567130042925993,-0.8599481303576196
-0.7868748290833415,-0.7826019288756482
0.3241083760022727,0.32191503036621083
1.6436328334225785,1.650898379770389
-0.6697144653996462,-0.656798397615114
-0.5010602415294014,-0.49077766421275365
1.555762062656978,1.5325924844838739
-0.6139543594303181,-0.6487687474051015
-0.9741527885752213,-0.969904883333554
-0.6753712684197954,-0.6628168013498653
1.3035484512448847,1.2888457022875708
-1.0694097094075186,-1.0736362906488899
0.1252313483796504,0.13868613990642537
-0.1823861343454301,-0.17410921766996368
1.791975095718256,1.8030204038558304
-0.3673974217394656,-0.3697593695161813
-0.9652028942720032,-0.9630301119788378
1.6347960126314156,1.6342019346524777
1.7342755869274795,1.7299196438248166
-0.4099852902591901,-0.41173560857861086
-0.3932573085717191,-0.41302305206957846
1.4869104825690085,1.496432195074258
1.039859448532752,1.0551890906431518
-1.0799960979783418,-1.0769272656320679
-0.4162635684848926,-0.4347445389667994
-0.278908505215216,-0.2765469747507287
-0.1850052130437936,-0.18149658847998398
1.0710529396000343,1.0803251272727628
-0.123749838797422,-0.13186891237525505
1.8209865060744772,1.798784220554239
-0.9170188986694778,-0.9124170241530029
1.5695810613300032,1.564360763910748
-0.6883012077953312,-0.7209205144578251
0.1708899770923809,0.16518306929042595
-1.0132859017698623,-1.0061310036017428
-0.7910938484396504,-0.7755453179680996
0.1151298711230528,0.10935442900012664
-0.7947910230565286,-0.7943418904393579
2.9323105390433204,2.9870387081581082
0.1752538879978672,0.18219349143365274
-0.9666171277558266,-0.9643207123269086
1.680212456406624,1.6579969866807047
-0.4701900704649666,-0.46000681814576977
1.4507875918182336,1.459191919072832
0.2357012087131652,0.23234060093397335
-0.592054300169742,-0.5897816900760755
1.4367264162888678,1.4148579204273748
-0.9566773121168892,-0.9463928522808587
-0.4498255812086656,-0.4503054405720857
-0.6699568927726226,-0.6989893487889957
-0.3316058675238888,-0.33379431806488447
-0.9537680785858073,-0.9445974717966724
-0.6651890197510539,-0.6606242813762296
-0.2359166826605909,-0.2372053158308186
-0.2765650190599578,-0.25493822746729355
0.1034525068461532,0.1081100933128353
-0.8192972214271617,-0.8380359411300176
-0.6728258012064964,-0.6691549200237735
-0.654036956535043,-0.6514425061271623
-0.4644524960326736,-0.4574051068445231
-0.0907786089507056,-0.07257668483627705
-0.97613264013596,-0.9614822482989547
1.7352452883382037,1.7443413759073658
-0.5249201692043484,-0.5195750399029947
0.2763495451125324,0.27476630583302425
-0.6648658290471154,-0.6794132081848141
-0.2658170310965745,-0.2560311085544155
0.5370404132125437,0.5377374523974967
1.683202461349849,1.707099696123847
-0.6714115701470271,-0.6716789657858047
-0.1988239692813647,-0.19730999825575946
-0.6676941699483265,-0.6557183606613798
-0.9014221523277184,-0.8999911966644956
-0.7824477920261832,-0.7827424226295255
-1.0034317830233788,-0.9985125720454197
0.4568022297690287,0.45647897174884533
0.1698393830517857,0.18015048462898747
-1.015286036288814,-1.0203096983113855
-0.5447794674206833,-0.5354583343005715
-0.4329358142614528,-0.42468966836659533
0.4827427506333349,0.4412970011141658
1.7187596128059823,1.676113506360647
-0.9803956793057984,-0.9807712503876891
-0.2284820115620987,-0.22477030431354478
-0.8442680408807437,-0.8586891209412184
-0.1436296026066787,-0.12601760928949732
-0.9784560283920682,-0.9733063145037062
-0.8827344194030129,-0.8834078714203802
-0.7608701880820011,-0.7627294933083262
1.370487256005454,1.3925957497134258
-0.0965970679316877,-0.11431523181542687
-0.5299908885546606,-0.519525811775873
-0.2134510134042814,-0.22789496695893313
-0.4713222925229767,-0.46747520931682063
-0.374670566176034,-0.3705701675782194
-0.970839475750921,-0.9630251433854236
-0.9274233450887824,-0.9265769392143584
0.16967784830868,0.18035552578814287
-0.885987066795501,-0.8943855506202667
1.9057582729166624,1.8670796322144236
-0.7482231143131954,-0.7805084729176964
2.6400143386076844,2.6017983207545687
-0.3998030415904489,-0.4027124343369748
-0.2540993417224667,-0.2600329271589301
0.2444287800075024,0.2450001244906561
-0.7026857033275444,-0.6935173209402705
-1.045974330659303,-1.0417333103663413
1.2544956130373928,1.2836099874280433
-0.9977296025511566,-0.9942225159978686
-0.1305380072703101,-0.13347885608166243
-0.6498348308892982,-0.6472328602144399
-0.9711627917131772,-0.9736857783636022
-0.6487987829759525,-0.6803232800580975
-0.976556946627237,-0.9842751302391441
1.4534545191940662,1.4498313648084271
-0.4216302247535052,-0.434207881518094
1.627361462750651,1.6698331614535105
0.1111474808917753,0.12358018773681048
-0.4557248035206094,-0.4647941641163743
-0.6248638821368074,-0.6182076857873388
-0.8260044891889972,-0.8174193265896225
0.6315173399932317,0.6205082727235823
1.1396620923150271,1.1114618178142424
1.1046706801535366,1.106473092801317
-0.1173657617395249,-0.1308213727789469
-0.4687355143082892,-0.46306740179542133
-0.7252321439959976,-0.7416217124573637
-0.9701523975114726,-0.9677270474167788
-0.9439090287021862,-0.9450626091055164
1.7304774233978168,1.737351775007869
-0.712140669877356,-0.691581377026258
-0.9824460634213334,-0.9816573839013865
0.1868099133299603,0.20279370916727257
-1.1082802342968152,-1.1099901023011167
-0.981627905988649,-0.9823110906581352
-1.0414488284424384,-1.041856884921607
1.443096803824787,1.4536129348434306
-0.1328816146432954,-0.12512505924471523
-1.0098918215740091,-1.0047392871430854
-0.9958305207863252,-0.9895676746035901
-0.9730820974435944,-0.9735953051452099
-0.9985377692187752,-1.030562095210079
-0.6636535790456877,-0.6598039752542771
1.422826767421426,1.4167330858538423
-0.6188029957828489,-0.6254329456417475
-0.7226462304677629,-0.7285049061773055
-0.597145485112976,-0.5871691961266768
-0.4764101480193071,-0.4702141371133124
-0.5875288626023316,-0.5866363937895896
-0.967970690959129,-0.9641664099586771
1.7388010244948895,1.7438946480155466
0.4159477181782637,0.4230030569057679
-0.1377302509958259,-0.15434749358222943
-0.2159561555203721,-0.21056966584969034
1.391471749692219,1.3924513185491758
-0.4942720811376951,-0.4490161911309334
0.0445004229567403,0.052210400120443
1.0495569636732671,1.0683098725414097
1.823490912803024,1.8096005825079455
-0.4706347172908474,-0.47040259183267935
-1.038054748246585,-1.0321309204734994
-0.944414098524425,-0.9514984961069034
0.1144025970853051,0.10864721100100681
-0.9119074921850122,-0.9081084245327301
-0.5730636037391563,-0.5622950699367159
-0.996881112402566,-0.9957830788913047
-0.3296583188711805,-0.31244467884503735
-0.5321527380270723,-0.527165660298408
1.8993740746410384,1.9219220979281362
-0.6016507035635096,-0.598588871371269
-0.6548451232026617,-0.6529042227766007
-0.8939672604961131,-0.8987642840617454
-0.5931687678713261,-0.569029043224491
1.89896986200832,1.9207608403455245
-1.0427216226579514,-1.0442940218240242
0.4176893421562099,0.3978098472078717
-0.3452550644048217,-0.3479822186467297
0.5376949404516803,0.5570115306607059
0.4853287934604786,0.48818638573465806
-0.0480292056878754,-0.055469084865605735
0.176627793960128,0.1656149276461002
1.7607818551676098,1.7405673934555836
1.7192444594707532,1.6911655248845185
0.0697743352151111,0.039518357726551885
-0.7424144012374707,-0.7545172496601091
-0.7680624318075169,-0.7552031634982335
-0.2601763823588539,-0.25801378966015154
-0.2552307071752056,-0.2465899815133164
2.205238466191191,2.1718124178966804
1.944790275980792,1.9480957255727624
-0.9455252408196964,-0.9472232547485174
1.4883763847049405,1.4949421399829577
2.025844521406549,2.028171420208843
-0.1263366170121098,-0.10062924478864284
-0.6482184894728793,-0.6441133186139615
1.681747905193172,1.6622410848533804
-0.4981510079983196,-0.5045471560791029
-0.935585417099577,-0.9285304774612367
1.1287524483908111,1.1401632556131702
1.4622225287221562,1.4546866461551335
1.2518289361781958,1.2779218106741466
-0.7851946196627608,-0.7766702293445836
-0.3110715764754955,-0.2792753389071763
-0.3092938296148796,-0.29023954462739926
-0.4365319967330742,-0.43530812885294823
-0.2345428979160572,-0.23334843403009986
-0.4768166961135671,-0.47178309169180266
-0.819297956814706,-0.8144624750503239
-0.972375165356687,-0.9711417710077144
-0.2257925215266658,-0.2368451898430038
0.7438449751307802,0.6730411050799254
1.5322460417955277,1.5318975788117286
-0.5652046180682052,-0.5602014221557508
-0.9293473370965286,-0.9212451181001768
-0.8099230182083118,-0.8146599885482214
1.7046175446467453,1.7095527803981134
-0.9747476322461353,-0.9745032655511483
1.9444669559779448,1.9472655095622096
-0.5914886820928268,-0.5851723932203851
-0.959909729886964,-0.956132457836586
0.3848797601891444,0.3921640902743209
1.3399137693686365,1.3048031548459968
-1.059146632758361,-1.0630613759016179
-0.2811309110234853,-0.282927924391267
-0.1051630964017369,-0.12147923803304321
-0.6401373076676011,-0.7151655221695143
-0.4607359605204262,-0.45995762412123464
1.403431979575849,1.396775112690321
-0.9677492261717554,-0.969041391303302
0.0077713385152062,-0.021552860366921767
-0.9660918323517654,-0.9604663126450197
-0.1583372888428303,-0.14496445132834462
-0.8867750167705974,-0.8933732408956331
-0.9314639359914216,-0.9268444392700863
-0.4762329034587721,-0.4905261632969276
-0.955081195474174,-0.9464179014877756
-0.6308594159735066,-0.6260322103817655
1.6876470062873892,1.6846726727759782
-0.986415996510858,-0.9835538676713227
-0.9960326271026844,-0.999706620906122
-0.2409269749739542,-0.2390305231489298
0.161515773873531,0.15718758720601556
1.8390076303932472,1.7632206473869831
-0.8372373318983337,-0.8191635667208774
-0.0276645952138474,-0.04996955667438519
-0.5182731951399618,-0.5084159495175592
1.2092411969573804,1.1488106345120388
-0.8890379779897567,-0.8920130597297082
-0.6583401898869444,-0.6443163971126532
1.4841629130799407,1.4956345119621728
1.2541725435511812,1.2845580976180313
-0.5476886928705832,-0.5472452528641494
-0.9357269775856144,-0.9477455279602885
-0.5970647217820142,-0.5894680132909085
1.6461905113015851,1.6499857744142847
-0.3146273207133633,-0.3076236421527268
-0.7890735529883308,-0.8030409264665718
1.521497932614417,1.5208945418815671
-0.3514371684858594,-0.3716575737778049
-1.037751712010069,-1.0317713555136487
1.2182920801733823,1.2267607750431282
-1.0397517883445118,-1.0406823411972859
-0.2377753221510775,-0.21946893696329028
-0.1226992528380087,-0.12129289915293966
-0.5371022396503056,-0.5319815447443653
-0.0764748767494542,-0.05344423744619882
1.5989964338023064,1.5786990261129241
-0.9350196802292896,-0.9449633203279225
-0.9765367234697692,-0.9727798624885787
-0.2296941403457996,-0.22368136926749763
1.4742229705664491,1.3777831934961164
-0.6049849830140036,-0.6116614790093261
-0.1657719599413226,-0.17191612723762276
1.6352801239086427,1.6422745179186922
-0.9898707461791144,-0.9884180326207813
-0.1117492838165841,-0.10696084838953558
-1.0028612313849716,-1.0028456731462698
-0.8259642909663432,-0.8221261760941314
1.0797805028131895,1.0814296330591
1.418786176518787,1.4082094221712884
-0.805652089380677,-0.7978628232006578
0.6520436145092744,0.60742287169388
1.8679381562007795,1.8697197847762632
-0.6424629158243514,-0.6337837152760717
-0.1681972034129047,-0.17292631496513258
1.9285470197403651,1.90849772898001
-0.7786084362885047,-0.7670814204919335
-0.9948151930231284,-1.0037513955093127
0.2431357585939304,0.264960947482941
-0.7302425656082698,-0.7188242411897839
-0.991587952866236,-0.988926849509238
-0.3084856629472608,-0.27033049849424773
-0.3309513402847522,-0.32783016984126834
-0.9218272115410364,-0.9281344325840231
1.8956567956600645,1.8671114115426841
-0.864188121706027,-0.8934017662713901
-0.0728383691806247,-0.06431784083498812
-0.4680890036015032,-0.4621078140079698
1.6615439647757968,1.671964794255787
-0.915757569226592,-0.918089861708628
1.4096544087540952,1.3873250721865023
-0.852187566725189,-0.854907717168451
-0.7641027335347487,-0.7618717000951604
-0.5930241268387841,-0.564476993856687
-0.2247646113633981,-0.21327815983469178
-0.8393788345711961,-0.8346910728665969
1.6331597026147555,1.6406192173672245
0.3096074791273364,0.3450375000980986
-0.6198535857828532,-0.6114399971060087
-0.4496154624005464,-0.45572050871188985
1.5567320145843382,1.5719240914641721
-0.8895430518525865,-0.8927808236399616
-0.381054643233931,-0.36762356576545835
-1.0370849821864063,-1.0325054956547868
0.3042294768794693,0.2979639026756241
-0.4341480642628808,-0.42711559116656345
-0.5242531929046406,-0.5107003683997623
-0.6956551155628614,-0.7004480129336318
1.9366282015456435,1.947075932714182
-1.0391861056181422,-1.0550879784506597
-0.6255103928435931,-0.6340180829389439
1.366096717605919,1.3777858597204296
-0.992982205628046,-0.986065496495481
1.9997422152825013,2.023126196744692
0.0978352854544862,0.10911982291814847
1.6434429337313357,1.6836578069331352
0.0930681559016436,0.10392838679321702
-1.0059118985275368,-1.0033257125260955
-0.882451549755692,-0.8792489563467004
2.761232065686856,2.7694027951485305
-0.2394724268984587,-0.23225038640101428
-0.952070973838426,-0.9590824808499889
-0.957242930193804,-0.9476404406842326
-1.0019925188870316,-0.994391220211929
1.8860401731494203,1.890399261771288
-0.1980975518488883,-0.20579926503445298
-1.029973566441307,-1.0304509993490785
-0.2586247873710587,-0.25725047306668136
-0.8462890798007893,-0.8544536959696458
0.5397152359029997,0.5436405317767042
-0.9483940215708974,-0.9514595839154408
-0.3101180293471999,-0.3317530343298039
-0.2081537744873764,-0.22031298181539352
-0.6519811442896892,-0.6492044696162325
0.2299633999266001,0.24027987645944437
-0.807498639423183,-0.7893938099000273
-0.9676675981543402,-0.965912288396003
0.3918294553239564,0.41196585985037265
-0.0150579758411591,-0.07993959609089206
-0.6023477701436694,-0.597907471883331
0.3503732027736068,0.36539111483129166
-0.2854542463151277,-0.3091288671576994
1.4298573632672904,1.453840030355851
-0.975506352586642,-0.9992657965034796
-0.4353806602557398,-0.4322576123920993
-0.6016304844466328,-0.5929999839848941
1.127944524158646,1.1020353816343598
1.6960515080955143,1.712344777073086
-0.5089595377514337,-0.5004586211895359
-0.061524771221508,-0.03806350109409455
-0.8796635363760437,-0.880432210970836
1.9795392607693063,1.976724237170841
1.7436495396296934,1.7402231048062449
1.5813795221162543,1.5750083951522007
-0.8535613514697226,-0.856441719665891
-0.511727336862914,-0.5050460087249317
-0.1485591315890802,-0.15649127660297357
0.0835324179396883,0.09909918891540087
1.893716406934436,1.893431205381294
-0.9605965616503674,-0.9570905439222663
-0.6897557639520087,-0.6882042388260307
-0.5976303398589292,-0.5995185531615383
-0.6221324669301689,-0.6284705662011588
-0.9763952906664044,-0.9725253134721936
-0.7439005224902795,-0.7458911552364756
-0.2199967464230112,-0.24505017066645318
1.0850332224995292,1.0505273128715258
-0.3096170203188181,-0.29757245376725605
-0.1221336347610937,-0.10321968256651104
-0.6270458335489596,-0.6340769521503133
-0.5980344191521475,-0.6015761012528253
0.1304034259527555,0.13034055686347662
-0.8395607161138511,-0.8263571824290343
0.1950528803949802,0.19541383979507476
1.8344821928258368,1.850871281022569
-0.8155595956466387,-0.8190851631030847
-0.4099045188470465,-0.4341376817382833
-0.941545191706788,-0.9374850867542223
1.3707030478032003,1.3773949658450686
-0.4679273476406704,-0.46040957021801326
1.4738999010802378,1.4806353956020015
1.665019802287974,1.6507140326591645
-0.9341307421495272,-0.9356165362680153
-1.0371455870093549,-1.0347873668151266
-0.9755670196346904,-0.9724913391171677
0.0932299411613854,0.07698054435415182
-0.9598289625154112,-0.959233827954277
-0.4924133204294812,-0.472346424572127
-0.2276738448944799,-0.22172995700176817
-0.0637067226336602,-0.06226307081965175
1.7604585351647628,1.7883191703625392
-0.980880407177197,-0.9773864860812475
-0.7544861110241041,-0.777894754192465
1.9464066093160295,1.954921478005987
-0.7273406051408128,-0.7237788554211736
-0.5292637292696944,-0.5199929266792019
-0.4943537091551102,-0.5004063623606396
1.811450776193704,1.8150121555204575
-0.6409050296365205,-0.6343513174609066
-0.7746890598804721,-0.7684881019012494
-0.8267722111579168,-0.8204923588715416
0.2681065861286944,0.2660181010188074
-0.1930056315181098,-0.19784474743035538
1.6284926989044808,1.6594250631481477
0.1833658914305506,0.1882698119559293
-0.4484516671652229,-0.4345462870509141
2.7943647090589514,2.791519409070413
-0.9464141732426314,-0.9458802029727431
-0.0395439405487879,-0.0234577319752692
0.1082955914267838,0.11513954203494282
-0.909159918655354,-0.9030724324126649
-1.003507740475521,-0.9886744546611608
-0.9960730693770288,-0.9905266783478703
-0.7826085833005628,-0.7569718887456749
-0.8083318415920344,-0.8108985363082388
-0.9582046134559412,-0.9483751011726667
-0.6663203852037931,-0.6539874938839444
1.650392879382784,1.6490974977792539
-0.9652231174294708,-0.9673572334496177
-0.3301431736171337,-0.3279627174660505
-0.005845428583142,-0.035152473621463655
-0.943989792033148,-0.9465197877753943
1.8221179927449436,1.8417655053286006
1.4852127636518102,1.489973469877295
-0.8520665970903912,-0.8489059659209868
1.7333056350001192,1.7335974139079446
-0.6573502653187524,-0.67506302224537
1.715527188570962,1.6484102679368364
0.4621358420852394,0.4629505926532985
0.059208230410619,0.06363913156566951
1.6857884960958112,1.7004497367900893
-0.8382676963165158,-0.8328506537742918
-0.8182466273865665,-0.7946802779592239
-0.9847997924745296,-0.9842842853696052
-0.7923068419098044,-0.8119097625807471
-0.8976442143798783,-0.9042640650889013
-1.0007197246715185,-1.001196232001131
-0.9207159496442746,-0.9265494064744074
-0.9946991593741772,-0.994889871563601
-0.8252005150384991,-0.8216436235798997
-0.922524152862878,-0.920694523182674
-0.7367075352960378,-0.734739382740981
-0.8859669672801149,-0.8779942368014164
-0.9899919598656026,-0.984868645056684
-0.3783878370758256,-0.37178240755898195
0.2390145255780566,0.25071291086750336
0.3843949054431912,0.37935061551716115
1.4024119728083868,1.3535534280306853
1.6677673717770414,1.680596224861553
1.3421764841117505,1.3637643200442746
-0.1185778905232259,-0.12110633092889678
1.3979358546935343,1.4051913082109533
1.936789978724203,1.9602145507504245
-0.2362407380509826,-0.23055594731226342
-0.9457854185085082,-0.9503339362705643
-0.5896501445420808,-0.5895562103959573
1.9802665348070545,1.9741015565281201
-0.6798266680007358,-0.6828557807969979
-0.982011768589345,-0.9777028808830209
1.6839297353875973,1.6696513708241514
-0.8142867998148893,-0.8118577106705094
1.7505994852811415,1.725736833496576
-1.0029419987565245,-0.9989206501579116
1.3344186223093202,1.3483385698932804
1.5007292388065796,1.5345645600082312
-0.8047913869501422,-0.7997595036019105
-0.9442322194061248,-0.9314016313322873
1.4309377930311105,1.4037047538876126
-0.5470421821637975,-0.5794301442446393
-0.6163787382154471,-0.6138770846404863
-0.2595944887817832,-0.27952216034194793
0.1736375465814481,0.16435086409697391
-1.07910796801676,-1.0836204124337916
-0.6474104521041695,-0.6633732038975667
0.4002332136633559,0.4031350250330084
0.4850047380700868,0.5011359274712756
0.2703693089529905,0.2729644566052386
-0.4349561097127722,-0.4585487107622352
-0.9291204498361636,-0.9141690693482449
-0.9588389151132556,-0.9473037939155766
-0.7036554047382686,-0.704877337692547
-0.503666620650558,-0.5012701397939876
0.4636712827906059,0.4570970237657858
1.987297365007191,1.9589720043175947
-0.9596066370821752,-0.9598993988556564
-0.6419556220608795,-0.6343914954806056
-0.1173657617395249,-0.20365539958565446
-0.5947211063278474,-0.5902823237012381
-0.9703546234293224,-0.967929607960205
-0.8049207424272993,-0.8024487544262813
-0.2576550859603345,-0.2643215421378172
-0.8537496430057856,-0.851166499423833
-0.3974324228672796,-0.39399842400917556
2.0306932789768077,1.9993167745973563
-0.9553640651214952,-0.9538704749414574
-0.5149598823156617,-0.5080921196406272
-0.7174742821935668,-0.7345051930418951
-0.7390510214512958,-0.7367915809202082
-0.1525188298618483,-0.1457032980224968
-0.2414927223497781,-0.2419856881779091
0.077875744218448,0.07833403991796249
-0.6805432166939915,-0.681831284019869
-0.9753043715286008,-0.9735348222996199
-0.2641199344303752,-0.2662553796917917
0.3389787041034375,0.34463831557669955
2.9395029120677445,2.9412038033336727
1.6306747796155416,1.64854687393112
-0.6966150710683285,-0.7409741862288665
0.0881387562181513,0.10468253900327289
0.1102004714395602,0.0844158099043777
-0.9020282167195688,-0.895781538298674
0.0244590031866508,0.06115110515020684
-0.9414846458764664,-0.9371482651087922
-0.9853451809290316,-0.9895839572232675
0.1829311076870629,0.19429871727532863
-0.4404513779898157,-0.43197214189722594
-0.5101920173752749,-0.5114926416455006
-0.0755940845009517,-0.06997088691371615
-1.0601971702306834,-1.0669893575560951
-1.1031082860226191,-1.0979803318637942
-0.9521519901103788,-0.9607046131523959
-0.998517547677544,-0.9979854276750427
-0.6306015777868275,-0.6288829104260951
-0.8091157162271463,-0.8118291009433761
0.3429384104573875,0.349074107301355
-0.9374238318163596,-0.9342577250482742
1.5115984364158603,1.5250220472683225
-0.972960882948988,-0.9693859127553259
-0.7742849741223082,-0.7584642514426821
-0.7040594880720782,-0.717955895011815
-0.0169973786626077,-0.0596679270463711
-1.071026786211482,-1.0817730978145128
-0.711009312505799,-0.6984786508276873
1.8221179927449436,1.815746474247633
-0.1643174118658271,-0.1779496136173641
-0.4190161927531789,-0.42841031847720884
-0.6956551155628614,-0.6967784204408083
-0.7483443320402746,-0.7430947327891524
0.433851705766766,0.42324508232076113
1.9420426984105428,1.9528174383989865
-0.9384137604251426,-0.9336298374492027
-0.938817843758952,-0.9357102812821598
-0.3609276437485235,-0.35486043558301306
-0.9767186050124242,-0.9917705289137361
-0.9544346847673882,-0.9489496108284606
0.2832176122299294,0.2666935123752716
1.3997953507892926,1.3957112814314931
-0.66745174257535,-0.6594689363741221
-0.6518551263406178,-0.6479910646523008
0.1216756122229645,0.13073066864206292
1.1133173588180028,1.101223162173255
-0.9020484398770366,-0.8974821844219524
-0.3955200233148333,-0.39466243605058543
1.2650013029267082,1.2603503871523587
-0.2798783359248492,-0.27917591386469504
-0.2102184598703521,-0.20674978842695255
-0.9613845075848728,-0.9670933795584712
-0.6217122293139308,-0.6295191864939098
2.949927458810554,2.956081001570738
0.1910929316055761,0.19559078947328562
-0.943655255349955,-0.9461066979483012
1.685141120702572,1.6928130759058797
1.7634485320268067,1.732839387336896
-0.8278228035822756,-0.8223380487207314
-0.3076774962796423,-0.2954584783472243
0.2990576498230002,0.29465951115278927
-1.0327009733817702,-1.0340261588201807
1.3943002118111578,1.4062377168458684
0.3142503120228319,0.3156554894918888
1.3845331419388442,1.3877277510109132
-0.8569554316655759,-0.8608082433144287
-0.3578616918586919,-0.3585971311225358
-0.7421219109432103,-0.7430872193426943
0.0742391154318911,0.07126242641760863
-0.9656473027030208,-0.9460048016642603
0.3627374028545005,0.36795050155700265
-0.7590923200036582,-0.7545467740558045
0.1485051923847603,0.16470871991919608
-0.2679989905899086,-0.26406609517283414
-0.8212568433654872,-0.8197878481491381
-0.4876454474079124,-0.48649340601717056
-0.3207690916160109,-0.31700888555891127
1.73863924731633,1.7393476627041562
-0.5332233127896809,-0.5334011337809144
1.5935012948241716,1.5818361777399221
1.3858148173731617,1.3908759534115944
-0.9120691562270268,-0.9203698108810947
-0.9493234043493588,-0.9481873468574088
-0.2759185083531721,-0.2508240867390074
0.1194937820285391,0.14326990445406898
-0.8963714136994196,-0.891537544971251
-1.023508592712948,-1.0275287065999148
-0.1973694131246871,-0.20936821610530953
-0.6787193586099948,-0.6827866926483935
2.5074827549715786,2.510446320954726
-0.0948999631843065,-0.05869961285131539
-0.7594964033374676,-0.7547505661632573
-0.0761516860455157,-0.07843571797649064
-0.9652735520851176,-0.9617963520048761
1.661302523307,1.6459770548037551
-0.9742942238029408,-0.9700610974184779
-0.8657640168075106,-0.8758991214535932
-0.8114584669948601,-0.8118113735215294
0.071410645231771,0.0706837820413062
0.1850313017828914,0.19156505994479844
1.06725476798919,1.0698777511105428
-0.693069072735718,-0.6911624641581533
-0.5982420772404069,-0.6043693824074015
-0.8349746066496831,-0.8308762940796522
-0.3815597170967607,-0.37087746385821085
-0.3622263381517227,-0.36308143675946497
0.4232653737642155,0.43084199364953074
1.4369922710078975,1.438782727951257
-0.2279970355984184,-0.22426006835340115
-1.0005985109850302,-0.9962359072107012
-0.4339056368899041,-0.4359737612682841
0.214932514905328,0.19456963639018454
-0.6922610353670083,-0.6775253564019544
-0.2242797646986268,-0.2258366507593973
-0.4657455174462453,-0.4619072989732823
-0.7257978832906395,-0.7347271090905417
1.874726316592486,1.8528283737934228
-0.5294253876548817,-0.5249531724599187
-0.5540727699284802,-0.551926352337412
-0.2343003493253537,-0.23619612831118073
-0.8460459089590867,-0.8437670402083047
-0.7147267046233178,-0.719872265333753
1.8761811151846173,1.9023706892636738
-0.6333491472758949,-0.6300701812925329
0.1287863491487921,0.10626975648696034
-0.4290568793196465,-0.4315149538206521
-0.2661410864869662,-0.2692653770747446
1.881999582246781,1.916041960781635
-0.5026764520306753,-0.5024651821794258
1.7959347939910244,1.8145054367330695
0.2445903147506078,0.21627177700281305
-0.5720937730295232,-0.5842608293669929
-0.5289405369495197,-0.5339978807398479
-0.8935430752225632,-0.8932847781459757
-0.7599004866712769,-0.7625913109987188
-1.0079321939788564,-1.0034425192613035
-0.9434847181703182,-0.9409997756873751
-0.6713306775171564,-0.6463841401239029
0.1953759498811917,0.20896839868319225
0.2247915647889491,0.19191829551294723
-0.4032778931984456,-0.4020744931658916
-0.0317859575286301,-0.02172744427915938
0.1831735269788578,0.20256133575420354
0.3651616604219024,0.3584257828521215
-0.1334472327202104,-0.1468163117578503
-0.7064838668572068,-0.7042809609406335
-0.8150949689068625,-0.8108651311189283
-0.9650816846261056,-0.9655513948332975
1.5790359066620876,1.5801899623762878
1.7140726324142843,1.7124304178821383
0.3001082438635954,0.2870285848368122
-0.9481313734648076,-0.9646239096375412
-0.95918245423298,-0.9560865961520173
-0.6647446194012181,-0.6633244409959999
-0.3964897247255575,-0.3951407921444848
0.0767435221604375,0.09150683440342774
1.699688136882071,1.6963512914139194
-0.4817462250959686,-0.4886402725744557
-0.0195026500776074,-0.02790227465007781
1.3986631287312818,1.3781854986466815
0.0823202972371693,0.07058304825143172
0.1802641803112305,0.16410616938681818
0.0886236028829223,0.09514776617686038
1.9338798885878496,1.9149770080164015
-0.6857960656792402,-0.6906427098992387
1.7707619934794014,1.7792396260230872
1.7362334875740808,1.7281948569083512
0.0215497696555689,0.026868207613456555
-0.9856381649835,-0.9881159235624978
-0.8892733747345627,-0.8820290586615007
-1.0793293681546794,-1.0779520889455096
1.040344295197523,1.0509734942330193
-0.9365931024891406,-0.9311695588785901
0.0891893502587463,0.08733627425787355
1.478828565376186,1.4941682135250844
-0.5375063229841148,-0.5683024934949866
1.1465311453366045,1.146025569955632
0.3715448727933462,0.38049425337583725
1.764822446070249,1.7584055620810133
-0.2414927223497781,-0.25389692888688165
-0.9611825265268318,-0.9696835200458243
1.725224453194841,1.7225161434607847
-0.4050830110218361,-0.39724129103016664
-0.2776090754244725,-0.26442140574603473
0.3823746099918718,0.3888537854275114
0.3035823520028661,0.28902049901600796
2.3555566340065326,2.3611677506310293
-0.3217387930267351,-0.3205730378623886
-0.9175037485667218,-0.9184840637208177
-0.9511012724277018,-0.9501653349218669
-0.5247380476505937,-0.5117160179798621
1.406664403810869,1.3962768900534253
0.0945229544937754,0.0754206006166218
-0.4174199613576824,-0.46169625257479086
-0.9625765360450694,-0.9694616811563002
-0.9738295962550464,-0.974324071704508
-0.2074708903812847,-0.18637346945185432
-0.944494865895978,-0.9438448891056668
-1.0030026666126912,-0.999880601897548
0.1331509954418229,0.14188322763857764
-0.6355918893781773,-0.6338656686418669
-0.6557340532012422,-0.6879367131206324
-0.889441814847521,-0.8802375520695996
-0.2052994202619338,-0.20603240947307808
-0.7319799833310866,-0.726781101803246
-0.1907427874760865,-0.18356302772184724
-0.2545841964684197,-0.24780722358399287
-0.0518273772987196,-0.04025625284410595
-0.7013119185830107,-0.6980244732984212
-0.5928624749185424,-0.5859725060205936
-0.9598652171213444,-0.9545714347683326
-0.9829411529840428,-0.9886393660000592
-0.2534528390968626,-0.24938733253691692
-0.4757661020729719,-0.48000323919645216
1.841755207963497,1.8775264112581203
-0.2308254977173566,-0.2252907256336119
2.946614392462299,2.950016104768685
-0.9186427547768576,-0.9161544160156377
0.5511097264919873,0.573100099909054
-0.4931471321433094,-0.506093052621548
-0.9883756241060108,-0.9896773860450113
0.2939664648797659,0.29329078538968945
-0.9621724510950236,-0.9618152698898595
-0.3333757190698811,-0.3374333842974972
-1.028559331341247,-1.0282372281785117
-1.0290846283615445,-1.0243474803629136
-0.211996336029877,-0.20793439222055368
1.9531138851590468,1.9049050214973744
1.5446102418764212,1.5521503013638838
-0.2576550859603345,-0.25392050129014854
-0.8159434582473349,-0.812602295989647
-0.4587164085378327,-0.4604256165520152
-0.4364715761610704,-0.4357653380698938
-0.0412409240784418,-0.05272122776727788
0.0207417242056772,0.0237867795331615
-0.4987975187051053,-0.4863817212158022
-0.3348302752265585,-0.3354202407728875
-0.7047867621098258,-0.689407923138398
2.11732355601057,2.1338008893388167
-0.3868731022149131,-0.38264670248496635
-0.4167734506508966,-0.4336775688072537
-0.354871694996648,-0.3514772386217819
-0.162135452372493,-0.1502432673326529
-0.7485059880011073,-0.7533561192106484
-0.899624308376071,-0.8982762085042156
1.790004127800676,1.7888913248225458
-0.8053976978180377,-0.8127748311525923
0.2030531695703874,0.1940980878757566
-0.1315078298987617,-0.12400859330930615
-0.6374505264443096,-0.6335686778324032
-0.9324337667010548,-0.9286733910926804
-0.9914667351391568,-0.9981796795594766
-0.7306466489420791,-0.7201210316180628
0.4474369077689829,0.40653485070669015
-0.2366439647795205,-0.2334753178778019
-0.7779619280060733,-0.776427975288713
-0.3139816746930305,-0.307543721689027
-0.8000639683246908,-0.8181717349372115
2.39515462688194,2.3631898915010248
-0.9518292899341756,-0.9481254481806836
-0.8891908820306943,-0.8810116994427405
1.6228360171020586,1.6312597585878246
0.5246841084462738,0.5118222325820576
1.8434514480244244,1.8525332735198763
-0.3215771370659023,-0.28149313488609734
1.1449148120013668,1.122372922977753
-0.4758873117188694,-0.4804478911565777
1.5778237778783868,1.5842940160118213
0.241115463142611,0.2453235598119678
0.188749566668045,0.20473206482918294
0.2333576013401803,0.24043495845969035
-0.5665986340513887,-0.5474183346301504
-0.960152404544104,-0.9919685284381515
-0.8133373215616327,-0.8133259861525637
1.9749331730074795,1.9575672504640877
0.2925343501649616,0.2985014479391245
-0.4148340478294477,-0.4045850851340182
0.2907340406447456,0.2924686645413884
1.2903760844963728,1.2810067732209283
-0.8900478792393713,-0.8905035511811829
-0.698888396403153,-0.6922344060142881
-0.855177563587233,-0.8403686214441315
1.429614935894314,1.4590423429433728
-0.2483616541536283,-0.2466620259764165
-0.4907163368998273,-0.47891711745222826
-0.115587893661182,-0.13409307309296536
-0.9501213362002212,-0.9471080444669372
-0.9622734416240444,-0.9612045115597198
-0.5675723978722066,-0.5812123627625574
-1.070520905846708,-1.0852749971945803
0.1152914058661585,0.1335194751088935
-0.0812436144574762,-0.08042816074578825
-0.9771832317522006,-0.974924993700966
0.6431009948859172,0.6341841825974668
-0.9194399471995848,-0.9188172926990897
0.2255987455523876,0.23377473917670163
-0.7418794835702339,-0.741525502472658
-0.9421513773163654,-0.9338064963422487
-0.6815938107345868,-0.6943241391010807
-0.8505713505670879,-0.8760238407163428
1.480768703585179,1.4609824896376074
-0.3685287871922045,-0.3633189843108087
1.7717721412050609,1.7758715605252657
1.4341403734617244,1.4149589948390624
0.3982136616807624,0.4087866859163634
0.3784955538323384,0.35840646567594603
1.704940856568411,1.7108256575265528
-0.6055903039371282,-0.605250761689113
1.6945160673901478,1.6888429902436441
1.9648307098467015,1.8774192587471614
-0.9514535650835576,-0.9641756975235467
-0.3220619918118555,-0.3067618047202071
-0.9682333374489824,-0.9673260223496547
-0.1883185299086847,-0.19936905978269348
-0.9793854087461752,-0.9840882877155476
1.4478774936006986,1.4490128139838123
-0.4127328597482576,-0.42055931530067087
-0.9776278850430268,-0.9746727329681815
-0.3419417475399303,-0.30920741373968014
-1.025286464831882,-1.0240236812368986
-0.493241703789622,-0.48569884730008056
-0.1436296026066787,-0.1572748390620322
-0.5951251896616566,-0.5853493884198936
-0.9556368252103778,-0.9549157981686011
0.3940519823499531,0.40538324989389857
-0.933565124072612,-0.9392272142544451
0.3207151604928729,0.31524368685159593
0.5095723388763129,0.5080660037593956
1.95190101290662,1.8804144754061574
1.4258976569133408,1.401049199158934
-0.59515268992334,-0.5969216991677532
1.5685304672894085,1.5613040198002788
-0.5010400143313427,-0.5002135593997781
-0.885401223944882,-0.8897145348699038
-0.4399665232438626,-0.4492195223120187
-0.2247646113633981,-0.22363687201774696
-1.0616517829556336,-1.0638050852044842
-0.0762324574576597,-0.06947027176213542
-0.759253975964491,-0.7602364140450467
-0.869541955563469,-0.8726956321163004
1.118327901648002,1.1041365355321522
-0.9245950122687534,-0.9142125644991274
-1.021309747590232,-1.0318860585636915
0.4235876997817008,0.4223763857427491
0.1025506227131387,0.10838442422183733
-0.1628627344914227,-0.15279146695514376
1.6471604551477637,1.6601700091950786
-0.3428306856196927,-0.31689037793696234
-0.1479126208822942,-0.1314189069177191
-0.9042303937135434,-0.9111846399679183
1.7753278854429286,1.753481556101506
-0.141690078567503,-0.1312694206510023
0.2016792636081266,0.199488127852041
-1.0158314982820704,-1.022470137498375
1.6429580870665648,1.6398611229142488
-0.9681121261868486,-0.9777198131246594
-0.8998867075817611,-0.9136610311058985
-0.9116549552535972,-0.908292132689152
-0.8674609922559827,-0.876904984504335
-0.5483400118805432,-0.5526470997379733
1.166814992479671,1.2003599594858496
-0.997770048866092,-0.993540111978625
-1.0015075445395878,-0.9991288372807386
-0.7081000789747169,-0.7045964927045163
-0.6679365973213033,-0.6721150649840656
-0.2493322202508057,-0.299835745264316
1.956912048688709,1.9372237764018865
-0.8837850199085535,-0.891675055152805
-0.9309185410719744,-0.9444450895657248
1.572409523448941,1.5871222739192956
1.853149698552484,1.884297830754411
-0.6091864944899312,-0.5923668705037407
-0.3071926415336892,-0.31273560930958555
2.425539943200422,2.347104453710625
-0.9769205836461108,-0.9732623559859394
-0.9891840396740292,-0.9905408593026759
-0.2389066795226348,-0.23732367782987154
-0.3468712765223318,-0.3388064861821682
1.826643438393536,1.8309940881604918
1.6674312269386689,1.6666140183983513
-0.5736292218160713,-0.5815927312380267
-0.9507779564654454,-0.946936793969463
2.343030907263715,2.3258712545423625
-0.7406874526856827,-0.7511390694157315
-0.9503133264931964,-0.9523517057464808
-0.2128852660284575,-0.20962579763365474
-0.6491074275526417,-0.6471890476832235
-0.6124189187249516,-0.6449458207423581
-1.0323171172460197,-1.0320373747332157
0.1348479789714768,0.13485845541556898
-0.7683170698462012,-0.7603300856335734
0.2108110313728182,0.2221193134497315
1.3649647379833634,1.3781175786571505
-0.603610454800744,-0.6055355136861122
1.782358473207612,1.725029562646529
0.1727487378005946,0.14567307029858262
1.3631067207438754,1.37631275151387
-0.0822134370859275,-0.06801824921757761
-0.0588587004509469,-0.043041326936307994
-0.4730185325839047,-0.4672168763193797
-0.9690013067020652,-0.967478576499665
1.1540465878472406,1.171169071980997
1.3453282662335362,1.328408534910683
-0.2130469300704722,-0.23109138532679674
-0.7524658155727847,-0.756110439605859
1.3291659026229798,1.3544295201022245
-1.0199529171651258,-1.0154878843306014
-0.3690137631558847,-0.36855226550627185
0.9813517730743568,1.020660869357055
-0.8155595956466387,-0.8170301302149848
0.4038705859186387,0.41381032931181083
1.6646155896552557,1.6681077878432442
-0.5968224156267649,-0.5927746660092241
-0.9567378522903832,-0.9608976387174915
-0.9126955593372448,-0.9116031855059046
2.003217309325952,1.990426240372654
0.1561831555426822,0.1537738519597756
-0.043018792156785,-0.04486805295091568
-0.6878971244615217,-0.6861781805627474
-0.9913455254932594,-0.9967311842891526
-0.2479575708198191,-0.24033623492716155
0.4781366628715079,0.48458222915689086
0.3848215595177828,0.4028646094565915
1.6722119247957627,1.67023753239658
-0.9296457452402248,-0.9226085202797075
-0.6449053019068969,-0.6419551136494895
-0.5103535521183803,-0.506264105299772
-0.3865499115109745,-0.3813553591530399
-0.0378468438825887,-0.04637092528142962
-0.0808387876549408,-0.10749729881452524
-0.929040421892746,-0.9296829906798595
-0.6297934111192086,-0.6260712248809903
0.3308166377494705,0.33582895924758516
-0.6752913616941048,-0.6733680032510126
-0.8915428817109843,-0.9068298468335908
-0.8350757183964308,-0.8221912491722047
1.8755344832601044,1.88944882420094
-0.9646170530376202,-0.9725008414717677
-0.9830219163150048,-0.9694833050977408
-0.9217665420686332,-0.9445565460413828
0.1144025970853051,0.11428552055984188
-0.7300809015662552,-0.7321304555585516
-0.1618930330806982,-0.14955778860151925
-0.5901956687604369,-0.601951291605998
-0.9946867062730153,-1.005956888591997
2.377214144676405,2.3801908356301724
2.607689611386572,2.585811342305425
-0.9897495341088623,-0.9926945944281124
-0.9588188147897516,-0.9597493073811534
-0.9538514335517742,-0.9535039513325231
-1.035630369461456,-1.024921888193797
-0.4208690339957205,-0.4162008588615743
-0.7719414879670502,-0.7667157964397527
1.581137094743278,1.5910785645193184
-0.9986937562305715,-0.9921984200475572
-0.4876454474079124,-0.49329492161236355
0.1204546022204594,0.12079161481613414
1.9688722866535209,1.9658567775813298
-0.5142326082779136,-0.5128571382837259
-0.6588049426931569,-0.6525258205496381
-0.3577809204465482,-0.3535062758915189
-1.0010833616903922,-1.0048009609366817
1.3843602692976658,1.3845873680425587
-0.4546912284488963,-0.46631713781555895
-0.9150389234666576,-0.9139274811979173
-0.5184347298830675,-0.512792137766584
1.860018751574061,1.8739672500541509
0.2715000521547303,0.274002576533599
0.1693545363870144,0.16902669415482868
-0.2495739041550563,-0.24172428174540378
-0.4319904048832349,-0.45143053967442337
1.5248112494793082,1.5351494988978542
1.6797276097418523,1.679990373893713
-0.4128945157090903,-0.42164337473538005
1.8984842718748227,1.8793578494098404
0.2518625864195414,0.2660839847121465
-0.5269633990496311,-0.5220573962622995
-0.0002693969751364,0.0058584534453569835
-0.7887502370260743,-0.8113764967393952
3.0432655046394244,3.027889760033322
-0.2199158537931405,-0.24005993051275065
-0.2133701207744107,-0.20907407765402022
-0.3356384418941773,-0.33206303694909506
-0.5388801158098302,-0.5348985019376886
1.4275938969742683,1.4080241828975928
-0.0898896708709432,-0.08819173489320166
-0.4340671716330098,-0.42731475409831715
1.4924865222581956,1.4968936665974102
-0.6647041730862826,-0.6768291212703468
-0.5125355035305328,-0.499881265874869
-0.9692638311660732,-0.974551702417435
-0.2119883194975261,-0.23835233000725253
1.987378015201608,1.9931852126516827
-0.7194170144619194,-0.7177975601096196
-0.9985377692187752,-0.9948270431307474
-0.8908358243657587,-0.8819158590264407
0.3972439602700382,0.4011994589142459
1.3791884341600151,1.385399224254543
-0.9682131159077508,-0.9659498935613634
-0.4305521242267135,-0.42284901517053414
-0.7864471931451608,-0.7858729465964831
1.2498895252755655,1.2738421307718684
1.5246899105345018,1.5271763018036386
0.5049660005978499,0.49831969242284424
-0.3186679116160024,-0.27824366994381583
-1.047388498685554,-1.0387803667330213
1.8390076303932472,1.855702134007231
0.0792486642765285,0.08135816700486628
-0.2946667854919629,-0.28318208127638683
0.1025232517503645,0.10723004275519869
-0.5170609491791248,-0.5208421948354898
-0.3019406653160753,-0.3070774547117797
-0.2491698208212471,-0.2662701836895526
1.885103515691098,1.8890562863707634
-0.8850578100834757,-0.878985663491601
0.0559755637401445,0.05856212303561713
-0.7268484773312348,-0.7239406135766315
1.7494679986106758,1.7600826239620908
2.560010436705886,2.5640358726450403
-0.7742849741223082,-0.7819093820762282
-0.5504362704408325,-0.5781079214644518
0.195860796545963,0.1771872342159883
-1.000558064670095,-0.9991606570957203
1.7851060426966794,1.7238807681049304
-0.7766721148216784,-0.788742228389038
0.2110534587457946,0.20690267018126865
0.1931132270568955,0.1975257836060006
-1.0241084281298631,-1.027096635280856
-0.9742537791042418,-0.971723199868345
-0.7429308129983734,-0.7379849305243305
-0.9079678893870392,-0.8976468760787297
-0.9981134651518528,-0.9984971882471085
1.982852569553016,1.9616734780991534
-1.1116743144926684,-1.103908544768971
-0.5014300218626837,-0.4961231362612717
-0.8462883363320631,-0.8312088641102789
-0.9790810811368064,-0.9734927098308646
-0.8715015831586218,-0.8802248044012795
-0.5781546593834818,-0.544167041724545
-0.3617406187193163,-0.3655749086792872
-0.2619381042359501,-0.24972228297661836
-1.0681175526804,-1.0720288591394698
-0.9460100874844676,-0.9461669556925719
-0.9651624560382496,-0.9683814600162701
0.149912885768149,0.1369843863783991
-0.7182824488611855,-0.7213443724596735
1.9220821712703249,1.9117921513953433
1.9427295342145368,1.9517812207808243
-0.4623513079514832,-0.46278215134304707
1.4277561751861,1.421691680099595
0.5862626733965839,0.6031510612901219
0.4518718361001739,0.45662769539443543
0.1706475497194042,0.1713291436648204
-0.6906446939505891,-0.6929895272388535
-0.7686281791833408,-0.8050919898620041
1.4591896207847268,1.4516929187771317
1.8763426580089049,1.8540779356618002
-0.4526539140286948,-0.4469266560330947
-0.5189195805884298,-0.5178877811947952
1.3417725300768504,1.3447346694889744
-0.2553114705061674,-0.28518467465652597
-0.5119697642358907,-0.5094661145524559
1.494102855593433,1.3748265227813434
-0.9916486158736938,-0.9920248045599044
1.9269309288405816,1.9272288100912238
-0.9621522295537924,-0.9702492722461128
1.718436292803135,1.7438723353068992
-0.944555539408972,-0.9455436317469758
-0.6428041138257065,-0.6281711001741962
1.2586170965699026,1.2692449167941584
1.083578666342852,1.0944129460544825
-0.8130142496510668,-0.8136434984848081
-0.0452007435689372,-0.03829164182656932
-0.642480923121768,-0.6363072858565316
0.1801026455681248,0.18422613573888907
-0.5624771505188788,-0.5893518484035648
-0.7999079853534853,-0.8234532775080169
-1.0100130393010882,-1.0243653231577732
-1.0848044108499004,-1.0854070766360941
-0.0922332863251101,-0.07918511513836046
1.427837067815971,1.449289712445897
0.1253122410095211,0.07287355991641344
1.516649175044159,1.5170283670450198
1.6314829462831608,1.639188183187239
1.5008101233552689,1.480005425458134
-0.3811355358638018,-0.38350582596571314
1.669221184464993,1.649424109409074
-1.0319468148683926,-1.0280013773763446
1.7430840427705054,1.726270159979116
0.2261652283157558,0.23867842866109257
-0.0985365919708634,-0.10936126453112814
1.4671114901718956,1.4893257014961847
-0.1788642987464173,-0.17132103191870754
-0.6461667501431553,-0.6495757086917231
1.523114265949654,1.4253389375797088
-0.0865763540060519,-0.0816860884151933
1.5364481674412724,1.5312316648641806
0.313684564647008,0.3386932517912232
-0.6987258757558674,-0.7030492146193921
-0.2401997009362065,-0.2546604632682016
1.4404355494385814,1.441072071643032
-0.0932029877358346,-0.08043003065044627
-0.4919135413569703,-0.4971783205424311
-0.3627912127599115,-0.3584816453777111
-1.022842107749094,-1.0187722542568063
-0.9105033706839816,-0.9197694036963229
1.4793950400583726,1.477846997234851
-0.440370485359945,-0.44844432064365575
-0.959889509153851,-0.9702713681124082
-0.8483086293590283,-0.851603627542405
0.0767442575479818,0.04212031813830901
-0.3105867298107242,-0.35245802185408975
1.7308813855138994,1.755996848828437
-0.9432524043963708,-0.9462966719944964
0.2877440437827017,0.2933163383289929
1.7550440382998629,1.763228355622248
1.5474384534787236,1.5509698222862867
-0.7292727348986366,-0.7287784885587614
1.9615990209992256,1.9439508480694778
2.1159498924837634,1.9551101600247558
-0.3660236369949319,-0.3587085515237979
-0.7863259834992634,-0.79239997417642
-0.1857324951627233,-0.24930086001263305
1.5977034204699163,1.5830015441186125
2.782808675645676,2.7835925499575387
0.1586875622712289,0.15850537744182042
-0.615812998920805,-0.6231291498715168
-0.2210472192458794,-0.21077117294641873
1.4908701808417766,1.489594659469839
-1.008720015463162,-1.0064178006387712
0.1145641318284108,0.11226709008365933
-0.6624414502619868,-0.6619281263368143
-0.8282672120132932,-0.8160727044507518
-0.8374798764484465,-0.8329904702685653
-0.9485759031135524,-0.946866498298349
-0.746586680654454,-0.7401583369433289
-0.5522141385191754,-0.5491293377980595
0.174849925881785,0.14129346072769766
-0.6596129881430486,-0.6454274550565501
-0.8942905804989605,-0.8861495198032958
1.9934389015555665,1.9638642827692212
-0.8018016365641433,-0.7991060275386593
-0.7808509343390967,-0.7831390678981393
0.2119425180432841,0.22027386592285939
1.961195066964325,1.9668244708991873
-0.991143542010864,-0.9959675486587062
0.2086324094075696,0.2110175139723718
-0.9460103355767492,-0.9580415859811755
1.9657205045317356,1.989727618730679
-0.6021578744930178,-0.6052619974895347
-0.679573515283267,-0.669231234809612
-0.7628904835333207,-0.7605551511288807
-0.5990850172333336,-0.567028555679112
-0.3245672632268552,-0.3169319040594108
-0.9955076977761588,-0.9906866413819266
1.845472478863288,1.8721943514985577
-0.0983062540458677,-0.10226632025484335
-0.465826280777207,-0.45989223026873083
-0.8035388199326877,-0.801436777702905
1.2400304753919442,1.2311956640997748
0.5009254096952107,0.5336308180365544
-0.6009436567238206,-0.6067116737195242
1.767246703637651,1.7775937723731505
-0.1038700830693472,-0.10709911466262186
-0.5229601714910689,-0.511277550542785
-0.6068833229263452,-0.5991660999891688
1.5779046705082578,1.572400127943729
-0.6146816334680658,-0.6309013657115059
-0.9589400349411852,-0.9483571710747799
2.120636622358825,2.1292042651257552
-0.991103098120283,-1.0016753183025378
-0.9139683551689942,-0.9123039843879623
-0.8121117513482351,-0.8142323920462082
-0.599981963764265,-0.6035734104936437
0.3908597539132322,0.406110205856331
0.0921793471207901,0.10119960613265881
0.4794296842850798,0.5008177458070672
0.1864463975288136,0.1752400459839883
0.3620098783001167,0.3898154846095768
1.391795061613885,1.4186656632283252
-0.9845377544976662,-0.9830619283633925
0.0485410138593794,0.05461359247123292
1.6379477947532015,1.6268300905403077
-0.3631144115450319,-0.3788212353330172
-0.3303048295779665,-0.3169814373400386
-0.5665986340513887,-0.582024951097289
-0.8664912908452583,-0.8611185265770013
0.0438537910322275,0.05995155731196403
1.6038451913725644,1.639848689207924
-0.0974859979302682,-0.10693793621882204
-0.9944365104599694,-0.9868482881714198
-0.5051815957630026,-0.5095828910236387
-0.9484352097383224,-0.9473390392869583
-0.4449768155572262,-0.463743966780994
-0.8945329997907552,-0.9079113569221188
1.8140368109396647,1.815353590219627
-0.6839374261887536,-0.6956599475438981
-0.7525061301644566,-0.7434612735301911
0.091209645710066,0.08474406338790534
-0.9543134735052544,-0.9681601911167433
-0.5816324662796649,-0.5768568603994704
0.3449587059087072,0.3597975522307248
-0.7177974728975053,-0.7154813934238448
-0.6533703422722801,-0.6432843372948532
-0.745920074472873,-0.7313993867836954
0.1644243932347957,0.14724958789350073
-0.9628999756494075,-0.9632665806762486
1.3797539310192029,1.4091897685187451
-0.999608586416838,-0.9951101725395766
-0.6310091093609131,-0.6292079730873107
0.1999822800784728,0.20003756691811084
-0.4419875621639084,-0.4399476758267857
-0.5973697839708089,-0.5877733187964066
0.3881114409554386,0.3918444555328115
1.7193253521006244,1.7362805756507182
-0.6838565335588829,-0.6724796816199609
0.1043820043773963,0.10547135665485977
-0.2237140254039848,-0.22786438857510025
-0.7830126666343721,-0.7810141552854354
1.94891175143212,1.950393845832037
-0.6045801562114682,-0.5968043826069457
-0.6046609276236122,-0.5893742713395319
0.4180932961911104,0.4251877314337532
2.936512915205701,2.961329762528544
-0.9860119131770488,-0.9779348407335301
0.2479845242453699,0.2524928703556977
-0.5192429005912772,-0.527933620767246
-0.8272975106025688,-0.8136656959477213
1.860584248433249,1.8601478971021148
-0.8454801680482082,-0.8559546881889689
-0.6549258865336235,-0.6563191166218759
1.377814528197754,1.38175671406468
0.234084875377928,0.22764112194406003
